datetime,actual_price,predicted_price
01/25/2023,21.02,38.83711
01/25/2023,48.7,24.065987
01/25/2023,41.9,36.596485
01/25/2023,38.2,0.16107559
01/25/2023,30.84,31.380009
01/25/2023,28.02,35.80287
01/25/2023,52.36,33.44683
01/25/2023,21.89,32.731922
01/25/2023,22.9,21.368618
01/25/2023,21.19,1.4097204
01/25/2023,19.54,28.74934
01/25/2023,19.38,26.505058
01/25/2023,19.71,14.066566
01/25/2023,23.03,13.747673
01/25/2023,26.97,15.481598
01/25/2023,46.92,18.060776
01/25/2023,46.44,88.75574
01/25/2023,33.33,69.77339
01/25/2023,25.73,34.306084
01/25/2023,24.01,30.049583
01/26/2023,20.24,25.504082
01/26/2023,19.93,16.419975
01/26/2023,18.27,27.56821
01/26/2023,35.38,26.87722
01/26/2023,18.16,39.650345
01/26/2023,32.58,23.064957
01/26/2023,30.67,37.72175
01/26/2023,27.83,36.070404
01/26/2023,24.81,33.216145
01/26/2023,22.66,30.440601
01/26/2023,35.05,28.000984
01/26/2023,20.12,39.266468
01/26/2023,20.73,25.961346
01/26/2023,21.87,26.372128
01/26/2023,20.49,29.681427
01/26/2023,20.21,27.560509
01/26/2023,20.21,14.373238
01/26/2023,22.89,14.013802
01/26/2023,28.5,15.397072
01/26/2023,52.26,19.270493
01/26/2023,50.65,30.620296
01/26/2023,31.97,55.032066
01/26/2023,25.4,18.917332
01/26/2023,23.44,29.544548
01/27/2023,15.69,19.240509
01/27/2023,12.34,14.5529785
01/27/2023,12.82,16.768402
01/27/2023,15.48,20.580086
01/27/2023,25.81,19.277416
01/27/2023,18.8,31.697784
01/27/2023,19.91,22.970142
01/27/2023,17.17,25.100323
01/27/2023,15.77,22.192162
01/27/2023,13.95,22.448246
01/27/2023,17.07,22.86293
01/27/2023,23.87,24.08374
01/27/2023,17.84,29.474384
01/27/2023,15.95,23.461636
01/27/2023,15.46,21.610344
01/27/2023,15.33,21.130978
01/27/2023,15.66,12.15696
01/27/2023,16.43,12.068146
01/27/2023,18.55,12.350807
01/27/2023,22.02,13.671234
01/27/2023,23.32,25.95913
01/27/2023,18.57,28.221199
01/27/2023,30.56,24.924274
01/27/2023,30.98,33.798553
01/28/2023,27.12,40.19563
01/28/2023,9.57,27.957672
01/28/2023,9.07,33.036057
01/28/2023,9.68,13.952236
01/28/2023,15.22,19.48539
01/28/2023,18.44,22.838558
01/28/2023,14.66,28.202888
01/28/2023,11.87,32.05156
01/28/2023,11.96,37.11664
01/28/2023,11.7,41.853615
01/28/2023,24.06,48.085434
01/28/2023,10.65,32.75289
01/28/2023,12.0,16.300743
01/28/2023,12.8,15.251148
01/28/2023,11.69,17.956451
01/28/2023,10.81,14.266235
01/28/2023,10.6,8.437901
01/28/2023,11.62,11.117294
01/28/2023,13.28,12.052605
01/28/2023,16.44,14.88179
01/28/2023,13.09,23.594177
01/28/2023,16.17,27.766586
01/28/2023,18.4,26.381828
01/28/2023,19.93,23.423283
01/29/2023,39.96,13.517315
01/29/2023,19.24,32.030083
01/29/2023,18.96,39.17456
01/29/2023,18.55,23.291111
01/29/2023,18.6,27.612068
01/29/2023,23.35,20.74699
01/29/2023,20.49,28.52372
01/29/2023,19.2,30.41597
01/29/2023,19.06,29.5038
01/29/2023,18.59,30.959152
01/29/2023,34.76,28.024117
01/29/2023,19.0,39.77618
01/29/2023,18.6,27.039314
01/29/2023,10.16,24.627342
01/29/2023,11.97,14.117378
01/29/2023,13.09,14.890762
01/29/2023,15.0,13.120018
01/29/2023,15.68,19.420212
01/29/2023,16.39,24.800888
01/29/2023,17.24,27.434898
01/29/2023,17.93,27.539665
01/29/2023,18.35,28.02996
01/29/2023,17.86,28.316193
01/29/2023,18.21,27.986328
01/30/2023,42.39,28.194244
01/30/2023,32.56,40.6939
01/30/2023,30.65,8.346745
01/30/2023,30.84,36.10071
01/30/2023,79.26,36.9593
01/30/2023,54.89,19.08902
01/30/2023,68.59,35.61869
01/30/2023,46.93,44.626297
01/30/2023,35.55,49.539707
01/30/2023,31.29,5.198283
01/30/2023,32.8,34.90056
01/30/2023,79.98,38.287857
01/30/2023,36.24,19.093369
01/30/2023,19.24,-15.453061
01/30/2023,19.18,26.92619
01/30/2023,19.66,28.999245
01/30/2023,22.37,28.859474
01/30/2023,20.6,15.156647
01/30/2023,30.15,14.325195
01/30/2023,37.41,21.032455
01/30/2023,36.61,36.909523
01/30/2023,42.62,36.42501
01/30/2023,43.36,41.4188
01/30/2023,25.73,41.5596
01/31/2023,66.63,30.207466
01/31/2023,50.11,25.703342
01/31/2023,46.32,63.186337
01/31/2023,49.13,42.913208
01/31/2023,113.97,81.31219
01/31/2023,95.33,93.50643
01/31/2023,114.93,100.97911
01/31/2023,65.42,109.36003
01/31/2023,49.73,208.19064
01/31/2023,52.78,31.324005
01/31/2023,148.18,65.80987
01/31/2023,44.1,81.207375
01/31/2023,41.34,37.229866
01/31/2023,35.52,36.68583
01/31/2023,35.76,-13.249306
01/31/2023,35.53,36.301323
01/31/2023,40.32,35.08577
01/31/2023,68.34,39.58847
01/31/2023,118.41,29.19131
01/31/2023,151.19,109.53131
01/31/2023,127.89,108.14946
01/31/2023,102.76,109.405136
01/31/2023,85.1,109.269745
01/31/2023,58.26,108.90462
02/25/2023,27.63,59.332916
02/25/2023,23.56,59.33174
02/25/2023,26.23,32.365906
02/25/2023,27.2,35.82762
02/25/2023,25.6,35.496643
02/25/2023,25.79,31.658089
02/25/2023,21.57,31.898815
02/25/2023,20.94,29.41407
02/25/2023,21.79,33.130226
02/25/2023,20.11,36.2882
02/25/2023,28.07,42.58804
02/25/2023,24.85,36.964127
02/25/2023,29.07,33.09935
02/25/2023,23.45,35.992733
02/25/2023,21.43,31.338474
02/25/2023,20.63,28.191902
02/25/2023,19.12,28.800392
02/25/2023,19.45,27.05272
02/25/2023,21.67,27.705688
02/25/2023,23.09,28.719833
02/25/2023,34.96,29.346764
02/25/2023,33.84,34.93672
02/25/2023,26.94,34.347206
02/25/2023,28.53,29.74405
02/26/2023,15.93,31.40065
02/26/2023,16.76,48.031403
02/26/2023,18.8,44.75122
02/26/2023,19.25,24.535149
02/26/2023,19.08,23.891975
02/26/2023,34.01,23.47393
02/26/2023,25.77,44.543747
02/26/2023,22.72,36.58893
02/26/2023,19.32,33.81698
02/26/2023,16.79,36.10975
02/26/2023,15.72,40.5383
02/26/2023,14.09,52.559334
02/26/2023,12.47,25.312668
02/26/2023,23.3,21.02546
02/26/2023,18.52,30.823742
02/26/2023,17.25,24.109276
02/26/2023,13.82,27.923317
02/26/2023,15.23,25.655594
02/26/2023,15.51,26.610283
02/26/2023,12.77,26.94371
02/26/2023,12.55,27.61045
02/26/2023,13.3,29.800858
02/26/2023,12.75,28.56961
02/26/2023,13.94,17.42749
02/27/2023,26.35,27.358795
02/27/2023,32.26,31.115456
02/27/2023,31.59,86.18229
02/27/2023,23.19,38.36457
02/27/2023,32.35,28.09
02/27/2023,66.7,41.633423
02/27/2023,30.22,38.132305
02/27/2023,26.5,43.14298
02/27/2023,19.63,41.83178
02/27/2023,19.74,50.50203
02/27/2023,17.75,35.806046
02/27/2023,23.46,40.869286
02/27/2023,19.31,32.473248
02/27/2023,2.96,25.852894
02/27/2023,2.77,-14.106705
02/27/2023,4.27,3.235859
02/27/2023,7.18,27.352322
02/27/2023,16.18,24.773663
02/27/2023,7.54,27.230865
02/27/2023,21.19,24.990227
02/27/2023,22.32,28.775688
02/27/2023,17.88,29.24228
02/27/2023,16.85,28.61441
02/27/2023,17.57,29.06987
02/28/2023,26.12,29.196503
02/28/2023,21.28,30.63633
02/28/2023,24.55,30.842575
02/28/2023,34.56,30.812466
02/28/2023,28.53,46.878426
02/28/2023,28.69,35.66504
02/28/2023,24.27,36.08187
02/28/2023,23.58,36.52533
02/28/2023,20.62,37.49068
02/28/2023,20.35,41.112823
02/28/2023,43.6,43.644993
02/28/2023,17.18,44.367153
02/28/2023,15.46,46.654182
02/28/2023,11.89,22.892746
02/28/2023,10.66,18.193062
02/28/2023,11.21,21.215477
02/28/2023,11.73,23.400421
02/28/2023,12.95,17.006523
02/28/2023,16.51,23.133804
02/28/2023,26.07,27.240913
02/28/2023,22.69,30.357094
02/28/2023,16.53,29.231606
02/28/2023,16.11,28.162346
02/28/2023,15.82,28.552498
03/25/2023,44.82,28.311485
03/25/2023,39.0,47.235435
03/25/2023,34.16,29.873924
03/25/2023,26.62,34.50537
03/25/2023,30.79,32.27536
03/25/2023,103.99,40.956192
03/25/2023,124.25,74.41359
03/25/2023,54.12,85.1581
03/25/2023,37.11,53.279594
03/25/2023,27.25,38.531654
03/25/2023,24.77,35.047104
03/25/2023,51.96,44.930813
03/25/2023,21.46,52.81673
03/25/2023,23.04,48.539146
03/25/2023,17.1,29.14846
03/25/2023,15.63,81.46852
03/25/2023,14.06,27.713387
03/25/2023,13.44,25.71775
03/25/2023,15.01,25.359634
03/25/2023,15.46,27.281967
03/25/2023,15.25,28.576393
03/25/2023,16.53,28.176132
03/25/2023,16.97,26.202461
03/25/2023,15.84,28.427917
03/26/2023,27.98,20.176773
03/26/2023,25.0,37.31913
03/26/2023,25.88,35.368706
03/26/2023,26.99,33.390343
03/26/2023,28.97,36.16843
03/26/2023,150.85,39.948647
03/26/2023,132.19,72.25733
03/26/2023,41.83,84.67662
03/26/2023,26.68,35.909485
03/26/2023,22.38,74.91182
03/26/2023,56.88,165.52876
03/26/2023,23.9,33.26448
03/26/2023,22.58,39.04722
03/26/2023,20.43,22.1151
03/26/2023,18.09,29.897064
03/26/2023,17.85,24.971695
03/26/2023,17.49,28.15564
03/26/2023,17.72,27.057266
03/26/2023,18.18,27.046692
03/26/2023,26.74,27.424332
03/26/2023,19.36,30.693054
03/26/2023,19.39,28.56266
03/26/2023,25.5,28.431076
03/26/2023,28.38,32.65781
03/27/2023,118.7,30.571098
03/27/2023,34.47,93.43209
03/27/2023,48.4,33.448395
03/27/2023,63.96,77.008286
03/27/2023,79.21,40.101604
03/27/2023,325.98,67.00896
03/27/2023,253.61,150.6006
03/27/2023,75.24,150.61826
03/27/2023,43.48,81.377686
03/27/2023,26.61,79.08534
03/27/2023,154.56,134.98349
03/27/2023,29.44,78.11377
03/27/2023,24.67,39.57647
03/27/2023,18.79,28.308388
03/27/2023,18.58,29.183914
03/27/2023,18.62,25.515003
03/27/2023,20.31,28.327927
03/27/2023,24.38,27.074944
03/27/2023,29.43,29.218689
03/27/2023,46.16,31.93747
03/27/2023,76.47,45.821495
03/27/2023,44.61,59.512463
03/27/2023,24.89,28.903809
03/27/2023,21.49,20.29509
03/28/2023,23.79,28.988625
03/28/2023,22.63,25.698631
03/28/2023,20.26,28.355347
03/28/2023,17.27,27.777275
03/28/2023,24.66,22.189224
03/28/2023,95.05,36.669437
03/28/2023,76.3,25.162437
03/28/2023,34.56,64.022415
03/28/2023,30.63,43.271645
03/28/2023,22.32,67.70495
03/28/2023,16.46,44.779503
03/28/2023,34.83,24.219898
03/28/2023,15.11,39.901154
03/28/2023,24.94,21.2361
03/28/2023,24.59,36.324913
03/28/2023,17.02,31.85347
03/28/2023,10.81,27.979362
03/28/2023,11.86,26.790092
03/28/2023,27.95,26.468216
03/28/2023,21.89,29.806725
03/28/2023,16.36,28.949524
03/28/2023,14.67,27.875496
03/28/2023,13.79,27.776619
03/28/2023,14.25,21.503716
03/29/2023,16.85,19.160172
03/29/2023,16.38,20.433441
03/29/2023,17.47,21.570312
03/29/2023,16.89,22.61174
03/29/2023,17.14,22.08751
03/29/2023,29.84,22.516071
03/29/2023,34.17,34.15059
03/29/2023,21.67,39.362183
03/29/2023,19.66,30.385056
03/29/2023,17.48,28.75201
03/29/2023,21.31,24.570114
03/29/2023,16.7,27.864609
03/29/2023,26.15,33.79892
03/29/2023,22.48,42.736305
03/29/2023,21.8,30.759235
03/29/2023,21.44,15.640495
03/29/2023,21.93,27.468506
03/29/2023,16.46,27.929253
03/29/2023,72.67,27.88469
03/29/2023,66.48,50.143032
03/29/2023,32.44,55.25541
03/29/2023,21.55,53.305
03/29/2023,18.42,26.171219
03/29/2023,27.75,28.150139
03/30/2023,23.75,36.799397
03/30/2023,21.34,31.507343
03/30/2023,21.13,27.896446
03/30/2023,27.46,29.153564
03/30/2023,21.96,41.867725
03/30/2023,36.57,32.70816
03/30/2023,30.18,49.985382
03/30/2023,25.41,43.585564
03/30/2023,20.23,39.416035
03/30/2023,19.65,43.722622
03/30/2023,29.47,47.86773
03/30/2023,19.75,37.93804
03/30/2023,19.42,27.062893
03/30/2023,18.25,25.668427
03/30/2023,15.03,24.723293
03/30/2023,14.58,21.681862
03/30/2023,15.0,27.436447
03/30/2023,15.87,14.148407
03/30/2023,23.28,16.454567
03/30/2023,26.31,25.715248
03/30/2023,24.52,29.895851
03/30/2023,19.88,29.884758
03/30/2023,19.72,28.63659
03/30/2023,19.51,28.46048
03/31/2023,50.0,25.196838
03/31/2023,41.25,55.08844
03/31/2023,35.25,45.42421
03/31/2023,29.02,40.32715
03/31/2023,38.73,34.22342
03/31/2023,52.98,46.302338
03/31/2023,45.49,81.99217
03/31/2023,26.2,58.309395
03/31/2023,20.77,54.058365
03/31/2023,19.93,55.098427
03/31/2023,23.97,59.85534
03/31/2023,33.11,33.626728
03/31/2023,18.33,40.043106
03/31/2023,15.05,24.506924
03/31/2023,12.49,22.74601
03/31/2023,9.83,19.550407
03/31/2023,8.24,25.44851
03/31/2023,10.2,22.71283
03/31/2023,17.19,26.339851
03/31/2023,17.36,27.67614
03/31/2023,17.48,28.822044
03/31/2023,17.01,28.606308
03/31/2023,19.99,26.401665
03/31/2023,24.85,30.756248
04/25/2023,18.55,30.854946
04/25/2023,18.82,31.918373
04/25/2023,22.73,33.170578
04/25/2023,23.94,28.651867
04/25/2023,23.91,33.435097
04/25/2023,24.89,34.041924
04/25/2023,39.17,38.29312
04/25/2023,37.43,54.321945
04/25/2023,20.35,38.3439
04/25/2023,17.25,39.438423
04/25/2023,16.29,49.232998
04/25/2023,19.46,41.358154
04/25/2023,19.88,29.068855
04/25/2023,20.39,27.221893
04/25/2023,20.65,27.622993
04/25/2023,18.82,24.388268
04/25/2023,18.98,28.35859
04/25/2023,22.07,28.350014
04/25/2023,22.43,29.199524
04/25/2023,39.32,29.514824
04/25/2023,35.39,39.319115
04/25/2023,21.81,35.455643
04/25/2023,19.5,28.203552
04/25/2023,19.88,28.536354
04/26/2023,32.95,24.807228
04/26/2023,27.63,34.14511
04/26/2023,27.8,29.242844
04/26/2023,33.29,37.859543
04/26/2023,32.09,43.785587
04/26/2023,45.4,44.790123
04/26/2023,43.99,57.970154
04/26/2023,27.68,55.661026
04/26/2023,21.24,41.62584
04/26/2023,20.04,52.302925
04/26/2023,33.88,36.50207
04/26/2023,27.31,40.39042
04/26/2023,25.37,35.00041
04/26/2023,16.18,32.86096
04/26/2023,14.49,23.856098
04/26/2023,13.31,23.409126
04/26/2023,14.53,27.24395
04/26/2023,17.51,21.56601
04/26/2023,20.39,26.385048
04/26/2023,29.38,28.640282
04/26/2023,30.71,32.098198
04/26/2023,19.94,32.756165
04/26/2023,18.46,28.697762
04/26/2023,20.84,28.972603
04/27/2023,34.51,27.228226
04/27/2023,25.05,36.97261
04/27/2023,27.15,27.14804
04/27/2023,41.01,37.13016
04/27/2023,31.85,55.330544
04/27/2023,197.69,43.973816
04/27/2023,199.78,46.25122
04/27/2023,34.56,71.89749
04/27/2023,22.26,31.305832
04/27/2023,17.36,72.7646
04/27/2023,54.66,47.954094
04/27/2023,23.93,33.04888
04/27/2023,20.85,39.03181
04/27/2023,19.29,22.633091
04/27/2023,17.86,28.850368
04/27/2023,16.15,25.235806
04/27/2023,15.35,27.780884
04/27/2023,15.1,27.142471
04/27/2023,17.91,25.172363
04/27/2023,29.74,28.03527
04/27/2023,26.68,32.275368
04/27/2023,16.62,30.751068
04/27/2023,16.8,27.838394
04/27/2023,18.02,27.679031
04/28/2023,41.67,21.842308
04/28/2023,41.05,52.800213
04/28/2023,34.54,52.620872
04/28/2023,27.95,40.006584
04/28/2023,40.0,34.428535
04/28/2023,32.97,45.266716
04/28/2023,32.39,40.578163
04/28/2023,25.27,47.629158
04/28/2023,22.67,38.867638
04/28/2023,21.96,31.734398
04/28/2023,23.85,33.143326
04/28/2023,30.97,32.470844
04/28/2023,21.54,38.524673
04/28/2023,16.78,28.243011
04/28/2023,13.7,25.077015
04/28/2023,11.82,21.652328
04/28/2023,10.85,26.689262
04/28/2023,12.22,21.088448
04/28/2023,15.82,23.111382
04/28/2023,19.26,27.352966
04/28/2023,18.75,28.494164
04/28/2023,19.9,28.270515
04/28/2023,21.49,23.190567
04/28/2023,21.4,28.017006
04/29/2023,18.01,24.633102
04/29/2023,15.41,34.39789
04/29/2023,14.39,18.19423
04/29/2023,16.76,21.316872
04/29/2023,17.63,22.677414
04/29/2023,38.56,23.193047
04/29/2023,85.62,41.64122
04/29/2023,59.33,35.780396
04/29/2023,35.12,46.905525
04/29/2023,30.11,41.506603
04/29/2023,17.84,46.78824
04/29/2023,12.83,36.907307
04/29/2023,13.04,17.699215
04/29/2023,18.34,16.898712
04/29/2023,15.88,25.855167
04/29/2023,14.14,18.08416
04/29/2023,11.14,27.388618
04/29/2023,9.63,25.778572
04/29/2023,11.09,24.737305
04/29/2023,15.6,26.713394
04/29/2023,13.28,27.449127
04/29/2023,14.67,27.071564
04/29/2023,16.53,25.306206
04/29/2023,15.72,21.915642
04/30/2023,31.01,21.60316
04/30/2023,17.77,36.103813
04/30/2023,21.66,28.824707
04/30/2023,27.0,31.430405
04/30/2023,29.51,38.191715
04/30/2023,34.88,40.61009
04/30/2023,27.87,47.754677
04/30/2023,20.62,40.188816
04/30/2023,18.86,34.79115
04/30/2023,17.52,34.42295
04/30/2023,27.91,42.79467
04/30/2023,15.55,38.891033
04/30/2023,14.14,26.212963
04/30/2023,25.61,20.145664
04/30/2023,23.38,38.80421
04/30/2023,18.32,28.641575
04/30/2023,15.91,28.302177
04/30/2023,14.0,27.694221
04/30/2023,14.04,27.324997
04/30/2023,16.13,27.324211
04/30/2023,15.0,27.686302
04/30/2023,13.21,26.819672
04/30/2023,14.21,22.289742
04/30/2023,13.78,18.637283
05/25/2023,40.75,18.659264
05/25/2023,36.28,53.22028
05/25/2023,35.98,49.89452
05/25/2023,33.54,40.11647
05/25/2023,40.99,56.510597
05/25/2023,45.33,55.630043
05/25/2023,31.35,58.54242
05/25/2023,26.5,37.729046
05/25/2023,21.91,41.992027
05/25/2023,40.77,62.822174
05/25/2023,34.68,41.882305
05/25/2023,28.81,38.07131
05/25/2023,23.24,36.499825
05/25/2023,20.75,28.65052
05/25/2023,20.02,27.810013
05/25/2023,19.47,28.849823
05/25/2023,20.64,28.616135
05/25/2023,23.69,28.89215
05/25/2023,29.7,29.805275
05/25/2023,25.12,33.16481
05/25/2023,27.82,30.491127
05/25/2023,24.68,32.33349
05/25/2023,28.47,29.01081
05/25/2023,23.72,31.614487
05/26/2023,34.22,29.821518
05/26/2023,41.36,35.989677
05/26/2023,43.79,38.268845
05/26/2023,51.41,53.806362
05/26/2023,43.4,49.38781
05/26/2023,44.66,48.957245
05/26/2023,32.22,52.81212
05/26/2023,24.03,45.022697
05/26/2023,21.08,40.499947
05/26/2023,41.68,68.850586
05/26/2023,39.77,40.857483
05/26/2023,29.57,37.48331
05/26/2023,20.79,37.624844
05/26/2023,18.47,29.879997
05/26/2023,18.01,28.122253
05/26/2023,17.67,28.331284
05/26/2023,19.08,28.226585
05/26/2023,20.79,28.543198
05/26/2023,24.35,28.941963
05/26/2023,21.8,30.018524
05/26/2023,22.21,29.930374
05/26/2023,25.07,30.097702
05/26/2023,27.22,29.410614
05/26/2023,23.4,33.92662
05/27/2023,34.15,30.222504
05/27/2023,27.32,64.0333
05/27/2023,31.3,36.516525
05/27/2023,29.43,44.37384
05/27/2023,37.47,48.700737
05/27/2023,45.25,45.37107
05/27/2023,30.51,58.34311
05/27/2023,25.0,66.56705
05/27/2023,20.28,40.89804
05/27/2023,41.75,66.54611
05/27/2023,27.41,40.941364
05/27/2023,22.64,35.464252
05/27/2023,19.65,33.271442
05/27/2023,18.47,28.095558
05/27/2023,16.87,27.765999
05/27/2023,15.47,28.046898
05/27/2023,15.3,27.842613
05/27/2023,16.64,27.880272
05/27/2023,17.15,28.153534
05/27/2023,18.05,28.449028
05/27/2023,17.38,28.864563
05/27/2023,18.37,27.76672
05/27/2023,19.59,24.62059
05/27/2023,17.58,12.741348
05/28/2023,27.59,21.894608
05/28/2023,22.95,86.56793
05/28/2023,24.66,36.66204
05/28/2023,25.74,37.07789
05/28/2023,25.33,38.2728
05/28/2023,42.48,37.119972
05/28/2023,27.45,56.306488
05/28/2023,21.73,36.127113
05/28/2023,18.34,38.1046
05/28/2023,35.15,71.07923
05/28/2023,22.64,41.225727
05/28/2023,18.98,37.375267
05/28/2023,16.77,31.218056
05/28/2023,14.78,24.73159
05/28/2023,13.21,23.321136
05/28/2023,12.88,25.54116
05/28/2023,13.81,27.525482
05/28/2023,13.03,27.704788
05/28/2023,16.01,27.819557
05/28/2023,16.04,28.204048
05/28/2023,18.05,29.475883
05/28/2023,14.42,28.80188
05/28/2023,14.01,19.771263
05/28/2023,14.75,7.1879425
05/29/2023,23.75,31.39457
05/29/2023,22.76,69.68732
05/29/2023,24.24,6.664036
05/29/2023,23.82,40.462128
05/29/2023,23.16,34.340565
05/29/2023,42.13,37.709038
05/29/2023,23.28,56.263935
05/29/2023,18.21,38.536556
05/29/2023,15.86,40.553635
05/29/2023,33.62,74.92854
05/29/2023,24.27,40.89169
05/29/2023,20.06,34.977566
05/29/2023,17.84,29.915848
05/29/2023,16.3,26.221424
05/29/2023,15.86,24.038033
05/29/2023,15.8,27.832855
05/29/2023,15.81,27.890732
05/29/2023,16.26,27.951546
05/29/2023,16.03,28.117073
05/29/2023,15.02,28.509422
05/29/2023,15.5,28.93586
05/29/2023,17.49,26.742088
05/29/2023,19.31,6.349922
05/29/2023,16.64,13.929871
05/30/2023,28.85,7.3711624
05/30/2023,26.1,59.531937
05/30/2023,31.61,35.68377
05/30/2023,26.1,43.831757
05/30/2023,36.45,40.081993
05/30/2023,36.26,43.887337
05/30/2023,20.65,49.585415
05/30/2023,17.91,33.660194
05/30/2023,14.79,41.43818
05/30/2023,34.34,51.7996
05/30/2023,25.89,40.949505
05/30/2023,22.74,37.427082
05/30/2023,13.36,32.989902
05/30/2023,11.78,20.319675
05/30/2023,11.48,23.851559
05/30/2023,11.62,25.355621
05/30/2023,12.8,26.264385
05/30/2023,15.77,27.536003
05/30/2023,18.32,27.913841
05/30/2023,16.36,28.54094
05/30/2023,16.73,28.522835
05/30/2023,18.61,28.352783
05/30/2023,23.17,25.422165
05/30/2023,20.03,10.516327
05/31/2023,26.91,13.179138
05/31/2023,26.87,83.805626
05/31/2023,30.5,31.45765
05/31/2023,24.09,43.041733
05/31/2023,33.23,40.27768
05/31/2023,33.09,46.705223
05/31/2023,20.94,46.002167
05/31/2023,18.59,37.049423
05/31/2023,14.81,38.137497
05/31/2023,27.37,67.24223
05/31/2023,24.49,39.36836
05/31/2023,24.57,35.780594
05/31/2023,13.02,33.79696
05/31/2023,11.66,16.746025
05/31/2023,10.97,24.597443
05/31/2023,10.99,25.375664
05/31/2023,11.95,25.549774
05/31/2023,14.75,27.267822
05/31/2023,17.15,27.900482
05/31/2023,18.84,28.327995
05/31/2023,21.15,29.345749
05/31/2023,13.89,28.698486
05/31/2023,16.0,20.545593
05/31/2023,15.55,20.61885
06/25/2023,456.47,29.267029
06/25/2023,217.26,241.18256
06/25/2023,366.61,139.90051
06/25/2023,356.09,302.01297
06/25/2023,521.42,207.93042
06/25/2023,210.8,256.68985
06/25/2023,51.1,150.27354
06/25/2023,30.25,53.995247
06/25/2023,26.14,82.19471
06/25/2023,241.37,268.688
06/25/2023,72.17,60.026314
06/25/2023,32.17,49.335655
06/25/2023,18.79,36.161606
06/25/2023,16.48,26.205273
06/25/2023,15.99,25.258484
06/25/2023,15.01,25.288391
06/25/2023,14.32,27.170052
06/25/2023,14.11,28.175865
06/25/2023,11.82,28.83477
06/25/2023,18.94,25.65591
06/25/2023,26.5,35.387985
06/25/2023,12.34,59.20882
06/25/2023,11.83,31.827644
06/25/2023,15.63,25.37724
06/26/2023,758.1,1066.4617
06/26/2023,1000.0,751.1907
06/26/2023,1788.44,1286.7345
06/26/2023,1368.59,1538.0027
06/26/2023,1111.87,1408.508
06/26/2023,198.68,1188.5156
06/26/2023,41.11,549.0078
06/26/2023,27.38,48.092453
06/26/2023,22.99,78.22606
06/26/2023,533.09,257.73795
06/26/2023,550.82,127.18071
06/26/2023,119.93,123.71835
06/26/2023,19.05,87.315704
06/26/2023,22.19,9.318417
06/26/2023,17.74,8.626633
06/26/2023,17.17,28.305
06/26/2023,17.12,28.324066
06/26/2023,17.81,28.500435
06/26/2023,15.94,28.786346
06/26/2023,16.13,29.332176
06/26/2023,19.85,25.734936
06/26/2023,27.24,27.450611
06/26/2023,38.84,58.489075
06/26/2023,15.51,638.8768
06/27/2023,106.46,26.69807
06/27/2023,118.34,85.39993
06/27/2023,147.84,153.66833
06/27/2023,96.53,263.51352
06/27/2023,147.53,61.452103
06/27/2023,73.41,111.67976
06/27/2023,34.57,70.7596
06/27/2023,27.93,61.27684
06/27/2023,22.04,90.29194
06/27/2023,97.6,61.444824
06/27/2023,89.58,34.744476
06/27/2023,63.5,50.917908
06/27/2023,18.27,60.096916
06/27/2023,17.81,24.971527
06/27/2023,16.63,24.90495
06/27/2023,17.44,27.491417
06/27/2023,17.16,28.413239
06/27/2023,17.56,28.51117
06/27/2023,18.24,28.751877
06/27/2023,20.32,29.222763
06/27/2023,22.61,25.956898
06/27/2023,27.39,28.672096
06/27/2023,41.39,29.23014
06/27/2023,17.76,90.83435
06/28/2023,99.45,27.40017
06/28/2023,87.84,89.69737
06/28/2023,104.4,177.23041
06/28/2023,80.98,65.54246
06/28/2023,115.69,74.13988
06/28/2023,58.82,111.47239
06/28/2023,31.54,54.038925
06/28/2023,28.68,76.899864
06/28/2023,22.43,43.010033
06/28/2023,66.28,69.97045
06/28/2023,62.47,33.93258
06/28/2023,46.08,56.903442
06/28/2023,22.35,86.84956
06/28/2023,17.88,30.507294
06/28/2023,16.62,28.834236
06/28/2023,16.25,28.455185
06/28/2023,15.71,28.169075
06/28/2023,16.47,28.395226
06/28/2023,17.11,28.68792
06/28/2023,31.69,28.813934
06/28/2023,36.14,28.753334
06/28/2023,18.94,31.707024
06/28/2023,17.39,28.533974
06/28/2023,25.5,28.890549
06/29/2023,54.0,31.311035
06/29/2023,58.35,34.22686
06/29/2023,68.61,67.99761
06/29/2023,73.48,101.953674
06/29/2023,68.24,63.65203
06/29/2023,52.98,94.10138
06/29/2023,33.87,51.712456
06/29/2023,29.87,77.92349
06/29/2023,25.23,46.865185
06/29/2023,50.46,63.007027
06/29/2023,48.68,59.707233
06/29/2023,44.81,65.65521
06/29/2023,23.05,41.043606
06/29/2023,17.09,31.067528
06/29/2023,17.08,27.356308
06/29/2023,17.35,28.751854
06/29/2023,18.31,28.527779
06/29/2023,17.48,28.814331
06/29/2023,18.46,28.888275
06/29/2023,17.9,25.846375
06/29/2023,36.26,29.653217
06/29/2023,28.31,30.299065
06/29/2023,20.23,32.428444
06/29/2023,17.89,28.592438
06/30/2023,59.72,29.057922
06/30/2023,64.56,124.74977
06/30/2023,74.17,185.88809
06/30/2023,69.21,33.27228
06/30/2023,61.67,93.429596
06/30/2023,72.11,55.312607
06/30/2023,66.74,62.221775
06/30/2023,34.42,80.17504
06/30/2023,26.5,69.0351
06/30/2023,41.78,74.88992
06/30/2023,36.85,70.72124
06/30/2023,45.88,43.25732
06/30/2023,20.83,45.89318
06/30/2023,18.69,16.663338
06/30/2023,17.86,23.835442
06/30/2023,17.96,28.788109
06/30/2023,19.15,28.616684
06/30/2023,23.79,28.946182
06/30/2023,19.22,30.273895
06/30/2023,26.12,27.247257
06/30/2023,20.43,32.132706
06/30/2023,37.0,31.15815
06/30/2023,18.3,31.606125
06/30/2023,19.32,31.014236
07/25/2023,50.99,28.209717
07/25/2023,46.02,68.77889
07/25/2023,62.38,67.674484
07/25/2023,61.71,66.99508
07/25/2023,48.67,43.72636
07/25/2023,64.11,42.31378
07/25/2023,31.36,60.51125
07/25/2023,27.58,69.4507
07/25/2023,21.69,50.90194
07/25/2023,79.28,66.31685
07/25/2023,33.89,34.246414
07/25/2023,30.25,40.783417
07/25/2023,18.0,47.349686
07/25/2023,20.43,30.281143
07/25/2023,16.21,24.941711
07/25/2023,15.5,24.985561
07/25/2023,15.62,27.944847
07/25/2023,16.98,26.901352
07/25/2023,16.86,28.120583
07/25/2023,21.5,25.736614
07/25/2023,28.18,28.205963
07/25/2023,15.78,31.439003
07/25/2023,16.41,24.122574
07/25/2023,17.39,62.433075
07/26/2023,74.28,346.78064
07/26/2023,50.19,57.625797
07/26/2023,71.72,152.1229
07/26/2023,76.34,22.494335
07/26/2023,68.06,67.95822
07/26/2023,35.41,95.17886
07/26/2023,73.73,76.654625
07/26/2023,31.59,39.725067
07/26/2023,26.5,45.31258
07/26/2023,97.12,80.666626
07/26/2023,49.92,36.259514
07/26/2023,21.73,40.948742
07/26/2023,34.76,26.257423
07/26/2023,19.75,35.771545
07/26/2023,17.43,29.15934
07/26/2023,17.26,25.32264
07/26/2023,17.21,26.517128
07/26/2023,18.49,28.591202
07/26/2023,18.55,28.961678
07/26/2023,35.18,28.189537
07/26/2023,24.77,28.68673
07/26/2023,17.66,27.624088
07/26/2023,17.69,27.514095
07/26/2023,19.27,36.50901
07/27/2023,57.45,142.31894
07/27/2023,77.8,3.0082512
07/27/2023,81.77,167.01772
07/27/2023,66.06,37.181217
07/27/2023,67.23,68.48381
07/27/2023,40.3,48.91486
07/27/2023,102.98,40.818993
07/27/2023,86.2,90.12669
07/27/2023,30.31,69.60554
07/27/2023,27.49,76.033104
07/27/2023,51.09,66.351326
07/27/2023,26.22,48.915295
07/27/2023,24.49,24.786194
07/27/2023,22.76,29.666245
07/27/2023,20.78,30.480988
07/27/2023,20.04,26.615463
07/27/2023,21.27,28.923431
07/27/2023,21.34,29.74057
07/27/2023,30.9,29.652992
07/27/2023,26.42,29.662033
07/27/2023,35.64,29.232712
07/27/2023,20.81,32.808594
07/27/2023,20.35,50.29592
07/27/2023,20.0,27.713295
07/28/2023,63.78,28.978622
07/28/2023,74.67,60.517693
07/28/2023,93.56,186.02664
07/28/2023,71.86,44.881092
07/28/2023,71.0,73.49181
07/28/2023,123.53,68.31428
07/28/2023,91.1,111.23962
07/28/2023,28.43,58.968277
07/28/2023,24.06,74.34253
07/28/2023,52.11,80.96308
07/28/2023,37.48,38.051838
07/28/2023,22.93,42.037033
07/28/2023,35.96,28.002777
07/28/2023,21.38,30.12696
07/28/2023,19.49,27.285248
07/28/2023,18.21,26.601273
07/28/2023,18.71,28.973274
07/28/2023,18.45,28.986008
07/28/2023,19.05,28.869751
07/28/2023,29.0,26.979927
07/28/2023,25.0,28.746933
07/28/2023,19.17,28.670792
07/28/2023,18.82,26.941334
07/28/2023,18.81,37.08699
07/29/2023,94.79,88.74707
07/29/2023,60.48,126.04785
07/29/2023,86.5,143.87546
07/29/2023,108.76,80.65718
07/29/2023,96.63,110.91188
07/29/2023,110.25,60.22719
07/29/2023,40.25,106.956055
07/29/2023,31.64,78.427536
07/29/2023,25.92,44.429386
07/29/2023,157.06,52.14614
07/29/2023,48.38,69.31324
07/29/2023,36.7,40.157993
07/29/2023,20.34,44.900192
07/29/2023,19.42,28.70678
07/29/2023,18.37,24.906044
07/29/2023,17.68,25.128067
07/29/2023,17.21,26.636566
07/29/2023,17.32,28.598007
07/29/2023,17.07,28.647598
07/29/2023,17.25,27.880486
07/29/2023,17.77,26.75774
07/29/2023,23.89,27.293018
07/29/2023,31.02,34.08454
07/29/2023,17.61,64.534615
07/30/2023,127.03,28.837421
07/30/2023,57.93,89.410095
07/30/2023,86.5,125.21994
07/30/2023,144.45,80.7391
07/30/2023,142.43,89.57002
07/30/2023,179.67,176.96451
07/30/2023,50.28,156.86325
07/30/2023,37.26,50.387367
07/30/2023,28.96,86.803764
07/30/2023,288.86,264.8881
07/30/2023,47.19,62.84761
07/30/2023,30.66,19.841824
07/30/2023,22.51,43.363285
07/30/2023,18.88,30.844818
07/30/2023,17.93,24.957718
07/30/2023,17.14,28.853958
07/30/2023,16.8,27.974869
07/30/2023,16.39,28.563515
07/30/2023,15.05,28.442352
07/30/2023,15.0,27.364471
07/30/2023,16.48,26.215721
07/30/2023,21.37,26.963673
07/30/2023,27.72,80.77701
07/30/2023,15.15,346.32623
07/31/2023,425.06,115.32169
07/31/2023,164.03,639.9815
07/31/2023,275.89,179.30914
07/31/2023,286.94,295.36615
07/31/2023,602.35,160.60706
07/31/2023,478.29,256.5901
07/31/2023,62.46,305.10052
07/31/2023,35.09,167.90768
07/31/2023,27.74,263.15564
07/31/2023,1000.0,269.78784
07/31/2023,86.43,127.223145
07/31/2023,51.48,53.030884
07/31/2023,24.23,46.9864
07/31/2023,21.98,25.73162
07/31/2023,19.01,25.042355
07/31/2023,18.14,28.643364
07/31/2023,18.07,27.564148
07/31/2023,18.83,28.68425
07/31/2023,19.33,28.880806
07/31/2023,28.55,27.705177
07/31/2023,45.04,28.161674
07/31/2023,19.02,27.818253
07/31/2023,19.08,28.632599
07/31/2023,22.03,28.154964
08/25/2023,1515.27,153.65382
08/25/2023,3017.71,534.29724
08/25/2023,3749.3,1570.7905
08/25/2023,4051.97,1538.7844
08/25/2023,4040.06,1408.7627
08/25/2023,4187.92,1408.7627
08/25/2023,3638.6,1408.7627
08/25/2023,72.3,1408.7627
08/25/2023,39.86,1097.0845
08/25/2023,637.58,199.59576
08/25/2023,559.66,126.0077
08/25/2023,30.21,134.04593
08/25/2023,105.92,7.1698837
08/25/2023,27.32,87.018036
08/25/2023,24.38,58.659874
08/25/2023,25.52,24.877872
08/25/2023,27.25,31.103157
08/25/2023,23.89,31.000984
08/25/2023,27.29,31.370026
08/25/2023,56.61,27.600395
08/25/2023,33.76,89.17859
08/25/2023,27.74,33.444435
08/25/2023,25.82,29.388466
08/25/2023,27.55,87.15078
08/26/2023,3177.03,387.17188
08/26/2023,810.59,1544.5559
08/26/2023,2109.79,1298.7756
08/26/2023,3003.01,1538.7836
08/26/2023,3084.11,1408.7627
08/26/2023,1000.1,1408.7627
08/26/2023,106.35,1144.2089
08/26/2023,50.31,206.87738
08/26/2023,31.8,185.98946
08/26/2023,3160.35,250.8138
08/26/2023,229.08,579.60455
08/26/2023,31.89,134.16228
08/26/2023,89.26,39.720745
08/26/2023,29.84,60.419727
08/26/2023,26.75,48.43846
08/26/2023,24.7,11.8041115
08/26/2023,26.63,31.013344
08/26/2023,26.8,31.587051
08/26/2023,23.73,32.633835
08/26/2023,23.28,31.102585
08/26/2023,25.73,30.839066
08/26/2023,29.24,27.719109
08/26/2023,41.49,82.56747
08/26/2023,24.13,39.18491
08/27/2023,2449.69,68.722534
08/27/2023,507.05,656.5807
08/27/2023,1105.76,1237.6035
08/27/2023,2501.2,1399.5149
08/27/2023,2027.09,1539.4968
08/27/2023,920.1,1537.835
08/27/2023,103.93,1138.1272
08/27/2023,48.86,376.9985
08/27/2023,32.01,138.85762
08/27/2023,2630.95,235.74385
08/27/2023,187.62,507.73013
08/27/2023,60.31,68.47767
08/27/2023,32.32,55.798447
08/27/2023,27.86,35.729805
08/27/2023,23.38,32.620796
08/27/2023,22.16,28.078926
08/27/2023,22.36,29.621452
08/27/2023,22.32,28.31131
08/27/2023,18.15,30.104675
08/27/2023,17.25,28.9281
08/27/2023,19.21,28.328568
08/27/2023,25.2,27.016369
08/27/2023,32.9,15.241623
08/27/2023,19.46,62.66814
08/28/2023,715.6,1697.4929
08/28/2023,269.47,463.88135
08/28/2023,380.89,657.2207
08/28/2023,929.68,256.4738
08/28/2023,601.11,377.0894
08/28/2023,301.46,740.73584
08/28/2023,56.21,253.51233
08/28/2023,36.56,63.35032
08/28/2023,28.1,66.63911
08/28/2023,485.45,269.62466
08/28/2023,132.02,71.08082
08/28/2023,63.1,86.989784
08/28/2023,27.64,58.55082
08/28/2023,25.55,30.213722
08/28/2023,23.55,30.377426
08/28/2023,23.37,30.919647
08/28/2023,24.59,26.898178
08/28/2023,26.85,30.359856
08/28/2023,27.7,32.350616
08/28/2023,29.45,33.11477
08/28/2023,43.1,33.929016
08/28/2023,25.11,49.416046
08/28/2023,27.98,29.046394
08/28/2023,26.69,42.92015
08/29/2023,219.15,379.807
08/29/2023,74.07,168.45264
08/29/2023,103.84,283.92017
08/29/2023,99.95,181.48358
08/29/2023,133.69,60.670563
08/29/2023,189.17,109.495316
08/29/2023,69.89,87.22644
08/29/2023,41.42,136.61725
08/29/2023,32.18,49.674126
08/29/2023,448.79,265.7309
08/29/2023,47.77,58.003334
08/29/2023,32.55,100.32762
08/29/2023,28.6,36.249954
08/29/2023,24.87,44.29104
08/29/2023,23.88,26.38092
08/29/2023,23.98,31.213394
08/29/2023,25.85,29.823318
08/29/2023,27.58,32.169716
08/29/2023,26.56,33.090836
08/29/2023,26.45,32.85762
08/29/2023,30.91,27.774227
08/29/2023,28.39,34.85569
08/29/2023,27.21,32.97145
08/29/2023,25.42,29.450005
08/30/2023,225.0,44.851334
08/30/2023,399.91,169.98886
08/30/2023,466.49,904.8126
08/30/2023,609.76,1003.75745
08/30/2023,1757.64,618.49255
08/30/2023,2572.37,1579.0812
08/30/2023,828.81,1574.2404
08/30/2023,43.87,1096.9191
08/30/2023,36.99,284.84088
08/30/2023,107.42,190.2779
08/30/2023,119.08,93.52814
08/30/2023,35.0,93.03117
08/30/2023,44.61,46.050884
08/30/2023,31.85,26.560463
08/30/2023,27.64,34.348442
08/30/2023,26.16,31.006577
08/30/2023,28.04,31.808258
08/30/2023,26.02,32.06254
08/30/2023,29.39,32.21174
08/30/2023,30.05,33.419075
08/30/2023,30.88,34.329155
08/30/2023,26.9,40.899094
08/30/2023,25.78,29.70282
08/30/2023,28.07,42.692146
08/31/2023,493.47,52.57241
08/31/2023,139.43,682.079
08/31/2023,227.36,532.0467
08/31/2023,341.75,257.9649
08/31/2023,333.48,253.98947
08/31/2023,168.04,246.6778
08/31/2023,40.41,158.62405
08/31/2023,26.76,41.288155
08/31/2023,23.75,78.81735
08/31/2023,549.41,217.28383
08/31/2023,75.24,127.249466
08/31/2023,45.07,51.78956
08/31/2023,24.62,46.87869
08/31/2023,27.4,29.823227
08/31/2023,23.12,31.031853
08/31/2023,22.06,27.630161
08/31/2023,22.33,29.064407
08/31/2023,24.09,26.918716
08/31/2023,26.26,30.825531
08/31/2023,25.77,31.893898
08/31/2023,31.14,32.305588
08/31/2023,22.63,37.55934
08/31/2023,25.16,29.360138
08/31/2023,23.98,42.279015
09/25/2023,131.29,360.09454
09/25/2023,73.69,99.74817
09/25/2023,85.85,145.17389
09/25/2023,85.67,184.36859
09/25/2023,41.27,76.10896
09/25/2023,32.08,39.56037
09/25/2023,27.12,41.250206
09/25/2023,22.28,42.465374
09/25/2023,57.35,46.16001
09/25/2023,115.64,33.42189
09/25/2023,22.13,79.65882
09/25/2023,20.54,41.882973
09/25/2023,45.28,24.738716
09/25/2023,20.45,45.914955
09/25/2023,21.57,29.170471
09/25/2023,23.58,24.273762
09/25/2023,28.35,30.964539
09/25/2023,20.42,32.965393
09/25/2023,29.07,31.031975
09/25/2023,26.46,25.783916
09/25/2023,29.14,32.13214
09/25/2023,33.8,32.52484
09/25/2023,23.34,33.94548
09/25/2023,23.85,34.48176
09/26/2023,65.89,28.374626
09/26/2023,99.55,89.93216
09/26/2023,161.09,250.74017
09/26/2023,283.54,163.7367
09/26/2023,30.21,164.71268
09/26/2023,213.62,36.082596
09/26/2023,47.74,131.62422
09/26/2023,25.62,40.968475
09/26/2023,21.97,69.58585
09/26/2023,51.99,165.82117
09/26/2023,185.39,34.736103
09/26/2023,36.64,54.95913
09/26/2023,22.85,44.879654
09/26/2023,21.78,71.913956
09/26/2023,21.28,29.552094
09/26/2023,21.09,29.869476
09/26/2023,21.56,29.234863
09/26/2023,25.11,29.358376
09/26/2023,32.57,30.576874
09/26/2023,25.2,34.406525
09/26/2023,31.14,30.983788
09/26/2023,24.45,37.657196
09/26/2023,32.33,30.039589
09/26/2023,23.71,42.30545
09/27/2023,113.71,82.1827
09/27/2023,205.22,113.365845
09/27/2023,367.92,206.14188
09/27/2023,303.55,256.84933
09/27/2023,450.3,206.15665
09/27/2023,244.71,256.46365
09/27/2023,49.07,150.401
09/27/2023,29.17,51.929283
09/27/2023,24.13,62.77671
09/27/2023,20.25,266.29602
09/27/2023,66.04,67.78831
09/27/2023,40.32,33.451035
09/27/2023,17.01,39.00746
09/27/2023,20.99,44.179504
09/27/2023,16.61,16.763832
09/27/2023,17.34,24.95874
09/27/2023,19.29,28.656296
09/27/2023,18.6,28.836945
09/27/2023,22.89,26.786179
09/27/2023,26.15,25.868305
09/27/2023,31.2,31.786026
09/27/2023,19.25,33.51567
09/27/2023,23.18,30.137123
09/27/2023,20.51,42.65593
09/28/2023,73.69,138.53001
09/28/2023,90.03,107.64161
09/28/2023,87.8,95.29739
09/28/2023,125.04,79.28454
09/28/2023,71.16,110.6252
09/28/2023,22.43,78.60664
09/28/2023,31.79,73.07232
09/28/2023,26.84,44.93281
09/28/2023,19.99,44.21359
09/28/2023,58.0,68.048416
09/28/2023,16.99,36.167027
09/28/2023,16.15,36.625015
09/28/2023,48.82,49.245766
09/28/2023,15.26,50.262444
09/28/2023,15.42,25.203629
09/28/2023,16.24,22.820248
09/28/2023,17.34,25.43681
09/28/2023,19.16,28.442177
09/28/2023,19.65,29.20269
09/28/2023,36.64,29.419884
09/28/2023,31.92,38.35514
09/28/2023,20.83,31.57174
09/28/2023,17.66,25.96177
09/28/2023,17.49,27.791897
09/29/2023,70.4,72.256256
09/29/2023,46.82,37.02996
09/29/2023,48.28,56.74337
09/29/2023,45.6,43.435135
09/29/2023,42.29,48.953896
09/29/2023,31.47,41.450027
09/29/2023,24.95,46.265984
09/29/2023,22.55,38.524498
09/29/2023,19.33,41.568207
09/29/2023,53.8,72.41263
09/29/2023,17.41,33.121628
09/29/2023,40.25,35.640434
09/29/2023,14.71,23.3176
09/29/2023,14.14,25.304451
09/29/2023,13.95,20.125206
09/29/2023,15.87,25.107239
09/29/2023,18.53,28.361893
09/29/2023,16.2,29.01339
09/29/2023,18.93,28.545662
09/29/2023,36.7,25.302399
09/29/2023,25.02,43.878143
09/29/2023,21.63,28.522644
09/29/2023,18.46,24.91901
09/29/2023,18.05,27.763206
09/30/2023,50.4,51.774696
09/30/2023,41.23,113.94972
09/30/2023,37.8,87.20485
09/30/2023,39.31,46.345097
09/30/2023,30.03,44.08844
09/30/2023,25.07,35.139763
09/30/2023,24.97,41.535038
09/30/2023,22.61,41.847435
09/30/2023,36.31,65.31925
09/30/2023,45.7,41.927074
09/30/2023,15.39,35.34435
09/30/2023,18.21,20.881332
09/30/2023,14.11,32.468643
09/30/2023,14.3,25.059017
09/30/2023,15.08,28.025307
09/30/2023,16.28,28.436264
09/30/2023,16.44,28.52549
09/30/2023,17.12,28.692963
09/30/2023,34.44,25.394135
09/30/2023,27.06,37.247444
09/30/2023,41.47,29.58104
09/30/2023,18.55,23.870113
09/30/2023,18.46,27.493515
09/30/2023,20.65,32.08117
10/25/2023,146.73,32.047737
10/25/2023,61.52,87.70733
10/25/2023,75.39,111.36504
10/25/2023,97.74,80.722725
10/25/2023,53.29,77.86642
10/25/2023,65.6,42.67063
10/25/2023,43.14,41.389736
10/25/2023,39.73,41.444633
10/25/2023,33.17,43.12899
10/25/2023,95.4,51.070705
10/25/2023,16.87,100.22813
10/25/2023,17.89,40.854473
10/25/2023,20.08,29.842083
10/25/2023,16.3,15.243286
10/25/2023,17.67,27.941101
10/25/2023,23.36,28.38182
10/25/2023,29.58,29.415657
10/25/2023,44.52,32.59546
10/25/2023,31.38,44.375954
10/25/2023,27.0,33.732307
10/25/2023,30.7,35.332336
10/25/2023,35.94,82.18823
10/25/2023,23.71,50.51792
10/25/2023,27.25,38.063225
10/26/2023,115.08,29.40609
10/26/2023,34.92,73.322624
10/26/2023,36.67,214.63492
10/26/2023,52.83,108.49977
10/26/2023,34.09,55.536568
10/26/2023,25.9,39.368027
10/26/2023,31.32,39.752148
10/26/2023,23.6,48.08766
10/26/2023,19.64,43.21692
10/26/2023,50.87,49.319035
10/26/2023,27.12,34.496265
10/26/2023,23.82,11.032954
10/26/2023,23.77,26.243954
10/26/2023,24.66,30.723679
10/26/2023,27.08,30.499336
10/26/2023,36.49,31.490768
10/26/2023,23.61,37.383514
10/26/2023,35.16,30.212326
10/26/2023,31.13,36.832542
10/26/2023,28.49,35.06402
10/26/2023,32.83,32.19005
10/26/2023,24.84,51.77499
10/26/2023,27.89,32.704277
10/26/2023,25.38,33.001495
10/27/2023,104.29,82.08274
10/27/2023,112.64,106.06632
10/27/2023,150.44,112.14609
10/27/2023,217.96,150.6023
10/27/2023,52.88,143.58978
10/27/2023,40.64,56.91597
10/27/2023,38.32,44.67772
10/27/2023,33.75,156.4569
10/27/2023,86.44,57.723545
10/27/2023,88.48,55.543564
10/27/2023,19.44,54.917305
10/27/2023,21.73,41.672287
10/27/2023,20.87,2.8308372
10/27/2023,22.84,29.015068
10/27/2023,28.01,29.825989
10/27/2023,33.22,31.910995
10/27/2023,19.19,34.91076
10/27/2023,39.27,28.425713
10/27/2023,50.72,40.459885
10/27/2023,40.18,54.043465
10/27/2023,68.65,39.272614
10/27/2023,32.32,53.479618
10/27/2023,33.44,27.245018
10/27/2023,31.29,33.542328
10/28/2023,48.07,34.793045
10/28/2023,56.96,161.8631
10/28/2023,68.54,75.55145
10/28/2023,84.18,88.720245
10/28/2023,130.85,75.96598
10/28/2023,68.16,88.154
10/28/2023,37.8,83.458
10/28/2023,31.86,36.350662
10/28/2023,35.69,57.229317
10/28/2023,32.36,51.564167
10/28/2023,39.52,49.313995
10/28/2023,38.13,55.38626
10/28/2023,36.83,42.47099
10/28/2023,33.01,43.025375
10/28/2023,32.34,27.65944
10/28/2023,30.78,36.93148
10/28/2023,31.98,33.542908
10/28/2023,32.64,34.180756
10/28/2023,30.33,34.941696
10/28/2023,34.84,33.16501
10/28/2023,38.49,38.14946
10/28/2023,31.06,38.674423
10/28/2023,31.89,35.44452
10/28/2023,37.02,47.473602
10/29/2023,54.93,57.525288
10/29/2023,68.71,46.472588
10/29/2023,63.97,37.492085
10/29/2023,57.99,108.21028
10/29/2023,34.12,100.5397
10/29/2023,34.26,34.271194
10/29/2023,34.14,47.508984
10/29/2023,29.31,50.17276
10/29/2023,54.77,41.905502
10/29/2023,40.84,33.176765
10/29/2023,52.01,28.974422
10/29/2023,27.6,88.26755
10/29/2023,29.88,41.2805
10/29/2023,23.15,24.447926
10/29/2023,20.2,29.9085
10/29/2023,20.76,29.004265
10/29/2023,18.38,29.131065
10/29/2023,28.47,28.57383
10/29/2023,19.8,32.41443
10/29/2023,35.51,28.976707
10/29/2023,33.59,38.077858
10/29/2023,26.23,35.15262
10/29/2023,24.05,27.771873
10/29/2023,20.61,35.58274
10/30/2023,38.32,46.129562
10/30/2023,46.96,100.56485
10/30/2023,86.84,44.946476
10/30/2023,215.77,37.480743
10/30/2023,207.15,62.27398
10/30/2023,57.72,152.76642
10/30/2023,147.17,113.03706
10/30/2023,94.82,80.264984
10/30/2023,41.51,79.502556
10/30/2023,32.62,43.719524
10/30/2023,19.48,247.04482
10/30/2023,17.89,32.95668
10/30/2023,36.69,26.31163
10/30/2023,17.01,32.336906
10/30/2023,16.25,28.088005
10/30/2023,17.57,25.040913
10/30/2023,26.97,28.230736
10/30/2023,29.97,30.914581
10/30/2023,35.99,33.152252
10/30/2023,28.21,37.664314
10/30/2023,31.78,30.87336
10/30/2023,32.47,34.247513
10/30/2023,34.51,42.653233
10/30/2023,32.44,48.16655
10/31/2023,103.02,46.384956
10/31/2023,24.45,50.315567
10/31/2023,25.14,45.462612
10/31/2023,35.49,23.501266
10/31/2023,22.32,50.815823
10/31/2023,66.72,32.69204
10/31/2023,44.75,33.66546
10/31/2023,32.02,40.88533
10/31/2023,30.35,38.07987
10/31/2023,87.68,48.54986
10/31/2023,23.73,17.752922
10/31/2023,32.69,21.676308
10/31/2023,33.75,35.960594
10/31/2023,35.12,47.09537
10/31/2023,33.09,37.33744
10/31/2023,35.6,35.072
10/31/2023,50.05,36.80507
10/31/2023,188.73,24.262722
10/31/2023,195.44,85.76159
10/31/2023,27.21,153.85495
10/31/2023,27.5,23.92543
10/31/2023,29.17,18.381927
10/31/2023,35.7,32.0095
10/31/2023,68.98,51.48013
11/25/2023,32.03,39.27984
11/25/2023,21.07,49.82817
11/25/2023,29.64,29.900558
11/25/2023,50.46,42.08024
11/25/2023,18.5,30.80914
11/25/2023,28.23,21.62313
11/25/2023,23.49,38.930202
11/25/2023,26.33,37.127205
11/25/2023,23.33,41.23918
11/25/2023,28.09,33.52897
11/25/2023,19.01,35.81682
11/25/2023,22.68,27.34024
11/25/2023,22.49,32.579746
11/25/2023,23.67,32.12433
11/25/2023,23.77,30.6325
11/25/2023,25.05,30.241539
11/25/2023,28.12,30.776009
11/25/2023,34.95,32.37629
11/25/2023,35.16,36.06938
11/25/2023,19.03,34.796806
11/25/2023,21.73,30.989265
11/25/2023,24.52,29.04966
11/25/2023,26.88,35.494423
11/25/2023,27.78,38.15991
11/26/2023,16.8,36.161705
11/26/2023,20.46,22.066528
11/26/2023,42.08,27.757591
11/26/2023,35.58,68.87426
11/26/2023,36.67,50.24373
11/26/2023,30.36,50.157017
11/26/2023,40.74,47.573013
11/26/2023,37.13,37.70087
11/26/2023,29.07,33.49505
11/26/2023,15.64,35.708736
11/26/2023,23.37,22.769207
11/26/2023,18.83,33.08995
11/26/2023,15.16,28.012932
11/26/2023,16.53,27.679321
11/26/2023,15.77,28.07283
11/26/2023,15.72,23.866428
11/26/2023,16.24,28.027428
11/26/2023,19.22,22.922318
11/26/2023,20.12,25.353771
11/26/2023,15.22,25.885052
11/26/2023,15.96,20.32341
11/26/2023,16.65,21.115105
11/26/2023,17.67,24.632652
11/26/2023,20.38,25.6782
11/27/2023,48.77,29.688576
11/27/2023,23.56,32.50268
11/27/2023,36.47,34.316536
11/27/2023,72.42,50.77399
11/27/2023,21.17,51.707962
11/27/2023,40.51,40.936375
11/27/2023,35.96,8.011559
11/27/2023,31.18,49.81585
11/27/2023,30.65,47.16893
11/27/2023,41.56,37.12939
11/27/2023,29.89,44.0472
11/27/2023,21.05,36.922226
11/27/2023,29.36,27.579735
11/27/2023,29.4,42.534035
11/27/2023,31.3,43.00872
11/27/2023,36.26,35.274582
11/27/2023,89.2,35.467743
11/27/2023,27.62,65.3925
11/27/2023,69.37,38.67697
11/27/2023,21.34,12.128086
11/27/2023,22.9,39.538387
11/27/2023,25.02,12.262619
11/27/2023,28.32,36.30687
11/27/2023,35.71,41.21186
11/28/2023,30.67,67.78953
11/28/2023,17.92,39.659786
11/28/2023,28.18,27.378258
11/28/2023,44.27,39.99874
11/28/2023,26.17,37.205097
11/28/2023,25.12,38.380928
11/28/2023,20.68,39.35755
11/28/2023,19.59,34.328205
11/28/2023,16.79,27.840347
11/28/2023,26.57,24.391098
11/28/2023,23.63,34.29557
11/28/2023,24.21,33.358353
11/28/2023,23.57,37.34233
11/28/2023,25.77,17.16568
11/28/2023,33.37,31.108383
11/28/2023,64.71,35.120743
11/28/2023,23.77,19.831059
11/28/2023,46.69,32.906876
11/28/2023,18.79,29.447018
11/28/2023,20.13,28.787712
11/28/2023,17.27,28.352058
11/28/2023,23.82,25.015423
11/28/2023,27.4,36.700058
11/28/2023,22.39,40.074036
11/29/2023,15.94,28.037315
11/29/2023,17.55,22.46923
11/29/2023,27.78,25.591782
11/29/2023,19.69,41.446144
11/29/2023,18.31,31.351658
11/29/2023,17.93,30.130398
11/29/2023,15.91,31.702095
11/29/2023,10.42,32.233524
11/29/2023,16.26,44.59684
11/29/2023,19.68,24.974575
11/29/2023,17.67,28.208351
11/29/2023,17.48,27.353523
11/29/2023,17.28,18.569412
11/29/2023,17.64,23.248428
11/29/2023,18.9,28.194656
11/29/2023,25.83,27.81593
11/29/2023,20.44,31.470398
11/29/2023,19.11,29.017159
11/29/2023,40.78,30.362595
11/29/2023,29.59,39.74019
11/29/2023,21.51,20.34093
11/29/2023,32.65,29.590065
11/29/2023,35.04,46.47493
11/29/2023,31.07,49.121662
11/30/2023,29.02,34.45833
11/30/2023,18.43,26.334732
11/30/2023,24.57,29.012047
11/30/2023,39.06,39.339607
11/30/2023,19.76,51.995583
11/30/2023,25.84,30.985607
11/30/2023,22.93,36.205334
11/30/2023,23.49,36.710808
11/30/2023,20.66,38.187077
11/30/2023,27.77,46.61786
11/30/2023,10.54,35.948742
11/30/2023,12.76,17.323376
11/30/2023,15.15,19.782692
11/30/2023,12.3,18.714699
11/30/2023,16.68,26.760162
11/30/2023,19.74,28.03788
11/30/2023,28.02,26.04742
11/30/2023,20.0,34.868843
11/30/2023,29.03,25.417519
11/30/2023,24.06,32.396484
11/30/2023,23.52,33.945724
11/30/2023,21.09,32.77246
11/30/2023,28.94,26.701767
11/30/2023,28.21,45.861374
12/25/2023,33.65,40.606987
12/25/2023,43.73,25.04689
12/25/2023,21.15,75.242065
12/25/2023,12.74,29.625801
12/25/2023,31.26,22.611153
12/25/2023,27.14,49.010487
12/25/2023,31.33,41.880127
12/25/2023,23.97,37.15329
12/25/2023,12.31,31.56583
12/25/2023,33.55,18.31847
12/25/2023,13.4,38.06179
12/25/2023,11.45,15.385227
12/25/2023,12.54,20.204594
12/25/2023,10.43,17.606514
12/25/2023,11.54,17.912544
12/25/2023,11.36,20.253746
12/25/2023,12.64,27.00737
12/25/2023,13.38,27.254425
12/25/2023,15.7,19.70242
12/25/2023,12.71,22.703594
12/25/2023,12.15,19.15514
12/25/2023,10.88,19.354836
12/25/2023,11.12,18.270554
12/25/2023,17.63,18.406212
12/26/2023,12.02,26.418617
12/26/2023,18.38,16.966255
12/26/2023,39.4,21.408215
12/26/2023,30.7,52.820614
12/26/2023,25.57,34.66169
12/26/2023,32.21,35.55458
12/26/2023,21.81,50.14615
12/26/2023,20.56,35.815838
12/26/2023,11.97,28.798767
12/26/2023,32.77,17.818764
12/26/2023,24.5,38.16654
12/26/2023,25.17,31.437157
12/26/2023,12.07,39.4803
12/26/2023,17.51,15.315491
12/26/2023,16.73,28.148819
12/26/2023,17.03,25.515663
12/26/2023,19.59,27.940056
12/26/2023,19.0,28.297325
12/26/2023,31.26,26.805283
12/26/2023,12.94,34.96772
12/26/2023,15.04,26.019577
12/26/2023,18.25,25.267914
12/26/2023,18.53,26.945335
12/26/2023,36.72,27.37864
12/27/2023,35.96,76.91727
12/27/2023,10.66,39.971054
12/27/2023,16.11,58.83745
12/27/2023,41.27,26.569504
12/27/2023,33.73,65.969925
12/27/2023,30.73,49.64876
12/27/2023,30.7,46.60422
12/27/2023,24.85,46.861446
12/27/2023,10.14,32.581932
12/27/2023,36.32,17.633644
12/27/2023,10.15,36.993668
12/27/2023,17.44,15.110744
12/27/2023,17.05,27.770466
12/27/2023,16.22,27.979404
12/27/2023,15.49,26.215683
12/27/2023,15.21,27.835876
12/27/2023,16.68,27.705826
12/27/2023,22.8,25.905151
12/27/2023,27.49,29.12696
12/27/2023,10.81,36.882683
12/27/2023,11.46,24.045662
12/27/2023,12.21,22.758873
12/27/2023,14.41,19.244118
12/27/2023,18.1,22.244911
12/28/2023,29.32,26.633514
12/28/2023,13.53,41.203587
12/28/2023,17.35,18.28165
12/28/2023,33.31,24.898926
12/28/2023,33.26,38.455914
12/28/2023,31.02,38.175076
12/28/2023,26.57,37.03854
12/28/2023,13.36,42.700558
12/28/2023,30.7,19.726925
12/28/2023,33.7,37.36597
12/28/2023,21.21,37.92354
12/28/2023,13.85,37.4535
12/28/2023,23.23,19.66365
12/28/2023,20.7,17.168018
12/28/2023,23.47,31.331303
12/28/2023,26.24,29.857414
12/28/2023,21.28,30.120842
12/28/2023,41.49,29.653606
12/28/2023,15.92,58.16523
12/28/2023,18.38,10.889004
12/28/2023,17.05,24.975952
12/28/2023,19.64,25.224556
12/28/2023,26.11,28.82206
12/28/2023,45.0,38.228798
12/29/2023,11.61,34.368694
12/29/2023,16.13,40.435654
12/29/2023,39.63,15.237473
12/29/2023,33.45,67.99094
12/29/2023,26.31,34.39994
12/29/2023,25.73,33.57756
12/29/2023,22.75,43.022964
12/29/2023,20.28,40.960392
12/29/2023,10.04,27.90158
12/29/2023,29.84,15.006786
12/29/2023,17.69,36.87257
12/29/2023,21.65,26.02742
12/29/2023,10.5,30.02966
12/29/2023,22.98,14.983482
12/29/2023,21.16,17.242981
12/29/2023,20.97,32.145317
12/29/2023,22.33,16.076199
12/29/2023,22.81,28.022858
12/29/2023,30.11,29.38779
12/29/2023,12.57,34.361725
12/29/2023,15.17,23.889763
12/29/2023,14.05,21.66175
12/29/2023,15.92,21.567932
12/29/2023,26.05,23.557518
12/30/2023,12.0,38.433304
12/30/2023,16.23,17.829308
12/30/2023,29.16,32.466194
12/30/2023,19.3,40.242523
12/30/2023,13.9,31.833847
12/30/2023,16.47,23.836994
12/30/2023,14.19,27.651138
12/30/2023,13.03,25.805412
12/30/2023,11.56,28.33377
12/30/2023,15.62,19.707626
12/30/2023,21.05,25.361565
12/30/2023,20.64,31.403326
12/30/2023,12.56,28.945435
12/30/2023,21.18,33.011032
12/30/2023,23.01,29.400154
12/30/2023,25.63,34.50032
12/30/2023,34.08,31.773651
12/30/2023,21.36,30.59385
12/30/2023,42.07,25.8182
12/30/2023,16.05,60.821186
12/30/2023,15.0,39.198643
12/30/2023,13.9,28.171783
12/30/2023,17.76,21.295982
12/30/2023,42.28,26.428288
12/31/2023,12.42,32.26074
12/31/2023,19.32,13.323097
12/31/2023,35.55,37.33265
12/31/2023,22.99,49.663345
12/31/2023,14.43,26.531044
12/31/2023,19.26,24.936287
12/31/2023,16.54,31.665794
12/31/2023,11.74,30.541534
12/31/2023,15.47,24.009392
12/31/2023,15.45,35.68821
12/31/2023,12.1,32.6763
12/31/2023,12.28,31.10306
12/31/2023,13.26,19.636976
12/31/2023,15.65,12.14925
12/31/2023,16.89,26.650642
12/31/2023,17.37,24.351112
12/31/2023,18.97,22.613556
12/31/2023,24.22,23.876534
12/31/2023,17.27,28.105507
12/31/2023,15.97,23.192703
12/31/2023,14.47,24.775993
12/31/2023,12.74,21.8507
12/31/2023,11.9,20.067314
12/31/2023,19.73,17.664444
